"1","2","3","4","5","6","7","8","9","10","11","12","13","14","15","16","17","18","19","20","21","22","23","fitness"
"K","V","r","l","g","J","b","t","X","R","n","U","s","S","v","R","q","Y","l","W","r","O","G",20
"p","f","S","N","v","M","y","w","S","t","s","t","E","N","O","p","O","Q","d","b","L","e","H",21
"h","V","Y","Y"," ","?","X","s","c","J","D","b","r","C","n","f","s","k","H","C","r","B","l",21
"k","e","r","a","C",",","q","W","!","h","e","l","z","M","D","s","i","H"," ","K","n","Y","h",21
"!","G","v","f","i","r","O","V","?","V","Q"," ","N","S","S","d"," ","o","T","Q","E"," ","Y",21
"O","Z","p","l","o"," ","D","j","c","l","H","l","n","?","d","d","c","Z","S","n","C","H","U",21
"H",","," ","I","q","h","q","t","w","D","m","y","h"," ","?","D","D","Y","X","R","M","G","A",22
"y","x","h","s","u","G",",","P","M","w","?","f","u","O","d","Q","D","Y","O","U","r","o",".",22
"w","d","W","G","s","s","s","t","z","h","I","S","f","y","w","y","c","I","M","O","A","W","p",22
"U","e"," ","k","C","w","e","Y","M","o","p","o","p","D","A","u","W","C","P","x","E","d","s",22
"K","w","V","L","t","S","w","C","f","u","W"," ","b","c","E","r","G","E","A","P","F","y","V",22
"A","e","J","o","g","m","w","W","p","f","U","U","e","z","z","C","y","y","K","q","U","Y","D",22
"B","V","y",".","T","?","W","t",".","!","q","i","R","x","P","T","s","j","n","d","P","c",".",22
"f","z","V","!","J","l","?","f","d","G",",","o","L","C","j","c","b","y","J","t","X","e","d",22
"T","j","Q","u","Y","a","?","R","Z","C","E","Z","F","j","i","y","I","!","e","S","?","k","T",22
"A","P","C","w","u","m","n","B","T",",","w","R","?","y","U","a","Z",".","c","n","F","i","X",22
"N","z","l","U","L",".","s","O","E","g","l","x","w","K","S","j","P","T","Q","l","l","D","b",22
"B","n","I","l","G","i",",","o","G","l","K","P","k","L","z","h","I","t","t","A","Y"," ",",",22
"!","t","o","F","!","J","r","?","h","C","v","R","N","t","F","P","J","K","n",",","O","x","i",22
"U","t","E","w","q","r","L","y","B","n",".","e","J","s","i","j","I","f","Q","Z","D","F","a",22
"W","U","J","!","J","r","w","C","h","F","Z","m","?","d","v","x","B","B","f","X","T","d","k",22
"Q","x","t","l","R","j","o","L","r","A","Y","h","h","k","l"," ","t","Q","D","H","t","w","n",22
"U","j","D","Q","U","f","B","N","K","f","a","M","W","d",",","d","c","V","e","V","Z","w","G",22
"t","!","k","j","P","m","E","R","C","N","e","q","L","T","I","d","m","L","e",",","U","L","p",22
"f","c","S","r","I",".","O","g","V","i","u","x","Z","Z","c","E","D","K","p","v","X","p","R",22
"!","n","T","s","z",",","q","u","i","G","b","p","!","O","U","h","S","g","c","u","P","Z","h",22
"p",",","C","v","N",".",".","K","T","?","f","C","S","F","w","V","C","K","e","a","Y","B","I",22
"E","G","L","n","N","M","J","h","n","o","a","g","A","D","x","g","h","s","b","d","b","m","I",22
"y","u",",","D","h","K","p","l","m","n","i","D","c","k"," ","h","u","w","X","T","Y","u","M",22
"w","E","H","j","a","y"," ","z","o","j","y","p","p","m","R","b","Q","t","N","G","?","W","Y",22
"t","W","v","W","m","j","F","n","f","X","L","z","s",".","t","a","N"," ",".","!","E","U","z",22
"s",",","k",".","n",",","o","g","b","z","z","c","w","g","I","R","j","l",",","I",".","U","k",22
"z","p","T","K","f","i","l","W",".","l","j","m"," ","e","e","v","t","p","e","W","n","I","S",22
"j","P","C","H","o","u","H","I","H","o","e","A","h","b","h","H","i","?","x","U","P","i","g",22
"H","F","S","g","j","d"," ","i","j","c","K","S","w","c","g","k","A","Z","S",".","R","Z","T",22
",","o","s","Z","a","b","?","!","!","S","D","a","i","?","p","U","O","k","V","?",",",",","e",22
"O","i","K","p","t","N","P","E"," ","N","k","e","x","d"," ","L",",","Q","B","?","M","i","v",22
"R","B","D","z","i","W","S","X","h","M","e","F","U","D","p","R","Q","H","J","V",",","d","b",22
"w","R","Y","m","B","z","n","e","r","y","c","x","i","k","N","r","!","q","X","x","E","J","e",22
"S"," ","d","a",",","D","z","g","l","t","m","C","v","A","s","I"," ","L","A",".","n","j","o",22
"U","R","q","L","v"," ","J","U","O","r","v","N","W","L","?","L","u","v","Q"," ","r","k","Y",22
"r","N","Z","Z","P",".","E","O","l","V","M","a","H","P","m","G","C","t","S","h","!","V","M",23
"I","k","D",",","D","Q","Z","l","q","o","P","K","d","?","Y","u","t","b","i","n","M","N"," ",23
"a","z","L","J","u","B","g","n","o","o","E","M","c","Z","q","q","?","k","Q","X","A","f","g",23
"o","d","z","u","u","U","g","o","a","K","u","H","N","l","S","b","t","V","j"," ","Z","U","j",23
"F",".","T","v","x","X","S","u","P","?","F",",","U","a","v","K","D","w","j","o","l","Z","A",23
"U","k","W","L","I","G",",","p"," ","b","A","N","v","D","H","E","l","e","n","Q","q","t","C",23
"d","Z","k","d",",","a","i","D","?","g","t","f","v","L","Y","e","x","K","i","k","M","b","M",23
"y","u","F","J","k"," ","D","T","Q","e","y","O","j","R","d","D","q","Y","U","o","R","?","H",23
"Q","?","a","w","b","V","a","U","v","X","r","S","I","x","q","l","S","B"," ","p","g","M","U",23
